year,title,speaker,org,M/F,nonmale,location,international,description,theme
2010,"Hello, Newsroom! Build out a GIS-enabled web app in < five minutes",Brian Boyer,Chicago Tribune,M,0,"Chicago, IL",0,Fire up a server in Amazon's cloud and deploy http://tinyurl.com/hellonewsroom -- all in less time than it takes to make me a sandwich.,GIS
2010,"Google Charts. Easy, Clear, Indestructable.",Ben Welsh,Los Angeles Times,M,0,"Los Angeles, CA",0,They aren't interactive. They don't impress trendy developers. But they make a point. (And they'll work in IE 6). In this talk I'll show you how you can use Django and Google Charts to get your Tufte on.,Charts
2010,Data Manipulation or Graphics with R,Bill Alpert,Barron's,M,0,"New York, NY",0,I could show how handily R allows you to munge data or do exploratory data graphics -- whichever this audience requests.,R
2010,Using an API with Excel,Derek Willis,New York Times,M,0,"Silver Spring, MD",0,Want to use an API to fetch data but don't have much programming experience? You can start with Excel. I'll show you how using the NYT Congress API.,APIs
2010,"Like Snowboard Cross, but With Data",Scott Klein,ProPublica,M,0,"New York, NY",0,"Use ProPublica's new open source tools (to be released at NICAR) TableFu and TableSetter to create full featured data apps using Google Spreadsheets. We'll take a data set, copy and paste it into Google Spreadhseets, and publish it on the actual internets. And somebody will time us.","OSINT, Proprietary Tools"
2010,Essential Queries for SQL Server,Anthony DeBarros,USA Today,M,0,"McLean, VA",0,Five SQL queries you may have never tried that will save you time and maybe alter the universe as you know it. With handout.,Viz Tools
2010,The new free visualization tool,Sarah Cohen,Reporter's Lab,F,1,"Durham, NC",0,Tableau public takes on ManyEyes,SQL
2010,The hidden power of Javascript,Michelle Minkoff,Medill School of Journalism,F,1,"Washington, DC",0,"If you know some HTML and CSS, Javascript is a great next step to complete your triangle of web savvy.  It'll help bring broadly-compatible interactivity to your news site.  I'll show you some tricks with the Google Visualization API -- dynamic graphs even work on the iPhone and some other mobile devices!",Viz Tools
2010,Easy peasy due diligence,Danielle Cervantes,San Diego Union-Tribune,F,1,"San Diego, CA",0,"Roll through a seven-step process to vet sources, local political candidates, executives and other people of interest.",Data cleaning
2010,Easy interactive charts with Open Flash Charts,Tim Henderson,Pew Charitable Trusts,M,0,"Washington, DC",0,"Open Flash Charts is an easy way to make interactive Flash charts and it's all free. I'll show you a tool allowing any reporter to make a basic one just by typing in the values, and get an embed link to paste into the CMS system with the story",Charts
2011,Similarity algorithms,Luke Rosiak,Washington Times,M,0,"Washington, DC",0,"High-powered algorithms like Latent Semantic Analysis are simpler than they sound and can be applied to nearly anything, whether it's a document, a politician's voting record or a set of numbers. Let's use a Python library to identify campaign contributors with nearly identical giving patterns--and find out what else they have in common.",Algorithms
2011,Guido's Way: How to break news on Google App Engine,Ben Welsh,Los Angeles Times,M,0,"Los Angeles, CA",0,"Learn how the Los Angeles Times publishes documents, spreadsheets,  campaign contributions and more using the cloud service developed by Python author Guido van Rossum's team at Google. You will walk out with dreams of a life without server crashes -- and a bucket of free code.",Python
2011,Valet parking your Django app,Jeremy Bowers,St. Petersburg Times,M,0,"St. Petersburg, FL",0,"Deploying your app is hard. Learn how to use services like Djangy, ep.io and others to handle deployments for you -- and you won't even have to remember which pocket you put your ticket in!",Apps
2011,The Quick and Dirty Varnish Setup (for Django),Andy Boyle,New York Times Regional Media Group,M,0,"St. Petersburg, FL",0,"Huge traffic bogging down your site? Well, look no further than the Here's-How-Jeff-Larson-Told-Me-To-Do-This Varnish setup! A fast setup that even I could understand. I'll show you how to quickly install and set it up on a server, some dirty VCL code, what to throw on your Django views and some basic varnish commands. And BAM! CPU load from 99 percent to 3 percent.",Apps
2011,Making HTML Tables Interactive,Michelle Minkoff,PBS,F,1,"Washington, DC",0,"Want to help your audience pull out the info they care about most from the data you post online? I'll show you how to use the JQuery plugin DataTables to make your online tables searchable, sortable and paginated -- no databases or hardcore programming required.",HTML
2011,Spatial analysis on the cheap,Andrew Long,News21,M,0,"Phoenix, AZ",0,Let's go beyond mapping. Free software and code libraries that will help you understand the spatial nature of your data.,Mapping
2011,NodeXL for Social Network Analysis,Peter Aldhous,New Scientist,M,0,"San Francisco, CA",0,This free add-in to Excel 2007 and 2010 makes SNA easy. It also allows you to query the APIs of social media services including Twitter to draw networks of users discussing particular terms.,Network Analysis
2011,Better Bulk SQL Imports in Ruby on Rails,Derek Willis,New York Times,M,0,"Silver Spring, MD",0,Tired of looping through CSV files in order to do data imports? See how using ActiveRecord Extensions speeds up imports of large files and does smart updates to SQL databases.,"SQL, Excel"
2011,Extract-o-Matic: Two Cheap Tools For Getting Tables Out of PDFs,Robert Gebeloff,New York Times,M,0,"New York, NY",0,Two low-cost software utilities we use at the Times to quickly grab tabular data from PDF files will be demonstrated.,PDFs
2011,The Basics of MGRS Coordinates,Jacob Harris,New York Times,M,0,"New York, NY",0,A really quick overview of how to work with Military Grid Reference System coordinates found in military reports.,Geolocation
2012,"Document Armaggeddon! Comparing billions of documents to find copycats, cheaters and thieves",Chase Davis,Reveal,M,0,"San Francisco, CA",0,"Ok, so maybe ""billions"" is a stretch in practice -- but not in theory! This talk will demonstrate how to use a few lines of Python and Amazon's Elastic MapReduce framework to scan through an arbitrarily large set of documents and find those that are similar. We used it to find recycled bills from previous sessions of the California State Legislature, but the applications are endless.","Data cleaning, Python"
2012,Interactive mapping with GeoDjango and Raphael,Anthony Pesce,Los Angeles Times,M,0,"Los Angeles, CA",0,"Want to make custom thematic maps without Flash? Learn how the Los Angeles Times uses GeoDjango and the Raphael JavaScript library to create interactive, vector based maps that load in everything from IE7 to an iPad.",Proprietary Tools
2012,Everything is Broken,Jeff Larson,ProPublica,M,0,"New York, NY",0,"The computer systems we use every day are filled to the brim with hacks, bugs, and weird decisions. Let me take you on a tour of why nothing works. I'll crash my computer by the end, that's a promise.",Debugging
2012,How I learned to stop worrying and love flat files.,Ben Welsh,Los Angeles Times,M,0,"Los Angeles, CA",0,You could spend time and treasure building the perfect caching system for your news app (and then stay up all night worrying about it). Or you could flatten your database app into static files and serve it cheap and easy. Learn the Data Desk way to break news without breaking a server.,Data Viz
2012,Web scraping with Node,Al Shaw,ProPublica,M,0,"New York, NY",0,"Node.js only has a couple good use cases. One of them is web scraping. Since you already know jQuery, Underscore and the DOM, it's more natural to scrape with JavaScript than the equivalent Ruby or Python libraries. Learn how tools like jsdom make it simple to scrape sites, even if you need to grab evaluated source.",Scraping
2012,What Zen Buddhism can teach you about creativity.,Matt Waite,University of Nebraska-Lincoln,M,0,"Lincoln, NE",0,"Whether you are a reporter starting on a story or a developer taking on a new app, how you approach it from the very beginning stages of the idea shapes how it will turn out. Believe it or not, Zen Buddhism has some advice on how you should approach your data app or investigative series. And it has something to do with tea.",Satire
2012,Cats! Cats! Cats!,Aron Pilhofer,New York Times,M,0,"New York, NY",0,"This presentation will be nothing but pictures of cats! Cute cats, fat cats, skinny cats! Cats! Cats! Cats! Oh, but how about kittens you ask? Will this presentation include kittens? Yes! Kittens and cats!",Satire
2012,"Don't Hate the CMS, Subvert It",Jacob Harris,New York Times,M,0,"New York, NY",0,"Those of us who build News Apps usually scorn the CMS, yet this often comes at the cost of traffic to our own sites. This talk will look at some strategies of pushing app promos into the CMS at the NYT and elsewhere.",CMS
2012,Practical TastyPie For the Modern Djangonaut,Jeremy Bowers,Washington Post,M,0,"Washington, DC",0,"Wanna build an API? Sure, we all do. Practical TastyPie will focus on best practices and lessons learned from deploying APIs serving millions of records and hundreds of millions of requests at the Washington Post.","API, Proprietary Tools"
2012,Infiltrate the ad department!,Ryan Pitts,Spokesman-Review,M,0,"Spokane, WA",0,"We know how to look at content and see a database model, we're willing to rebuild systems in our own image, and we're used to making things useful for readers. We're also lazy, so we make things as simple and automated as possible. I'll give a quick walkthrough of how we used our news nerd powers to pitch and build a flexible mobile advertising system that doesn't suck.",Automation
2013,5 algorithms in 5 minutes,Chase Davis,Hot Type Consulting,M,0,"New York, NY",0,"Five algorithms from the data science world that will help you kick ass on the data journalism circuit. But wait, there's more! This presentation will be accompanied by a Github repo with working code and examples of journalistic applications.","Algorithms, GitHub"
2013,Django Retrained: Five ways coding like a Web developer can make you a better investigative reporter,Ben Welsh,Los Angeles Times,M,0,"Los Angeles, CA",0,"It is the news that should fear your hand, not the other way around.",Data Habits
2013,Be Your wn Nate Silver.,Jeff Larson,ProPublica,M,0,"New York, NY",0,I have 5 minutes to show you how to predict elections. And I'll do it.,"Data Habits, Satire, elections"
2013,Fucking designers!,Aron Pilhofer,New York Times,M,0,"New York, NY",0,"They are always pointing out shit that has nothing to do with function, always up in your grill about some tiny tweak here, some UX improvement there. Who needs them?!? Actually, we do -- badly. Give us five minutes, and we'll show four practical examples of how design thinking has improved our work, and could improve your's too. Also, we'll show cute cats.","Satire, Data Habits"
2013,Showing big datasets on small screens,Katie Park,Washington Post,F,1,"Washington, DC",0,"When presenting huge data stories, make sure your mobile users aren't left out or forced to load massive datasets. Using WaPo's 2012 mobile election results as an example, I'll talk about creating lightweight data-driven web apps and tailoring the experience for mobile.",Data Viz
2013,Casino Driven Design,Al Shaw,ProPublica,M,0,"New York, NY",0,"Sometimes you want your readers to pop potato chips for hours in a room with no windows but plenty of free drinks. Ditch Mechanical Turk, and embrace Casino Driven Design. We've had readers practice ""natural"" language processing on up to 25,000 PDFs a head in our casino, and yours can too!","Saitre, PDFs, NLP"
2013,Let's make fun games for news,Sisi Wei,ProPublica,F,1,"New York, NY",0,Want to make a news game with your data? I'll show you the exact 4 requirements on how to make a successful one. [Warning. News games are not gamification. They're real games.],Games
2013,The soldering iron is the next great CAR tool.,Matt Waite,University of Nebraska-Lincoln,M,0,"Lincoln, NE",0,Ever wanted to do a story that needed data that no one kept? What if you could create your own data gathering machines? You can. Cheap. And easy. How hardware hacking is the next data journalism skill.,Hardware hacking
2013,Z-Scores: How you can compare apples with oranges,Rob Gebeloff,New York Times,M,1,"New York, NY",0,"A school has 23.8 students per classroom and average SAT score of 2050, and an attendance rate of 93.5 percent. By standardizing disparate values with z-scores, you can more precisely compare variables that are on different scales and build better indexes.",Algorithms
2013,Every State's Elections Are Weird,Jacob Harris,New York Times,M,0,"New York, NY",0,"Practically every state has its own weird quirks in elections, and I saw them all in 2012. If I'm inspired enough (and can speak fast enough), I'll say all 50. One every 10 seconds. This will be hard.",Elections
2014,A Few of My Favorite Wee Things,Lena Groeger,ProPublica,F,1,"San Francisco, CA",0,"Mini maps and tiny text and fun-size charts. Learn why the biggest trend in data visualization is small, and how you can use wee things to super-size your next interactive.","Mapping, Charts"
2014,The whole internet in 5 minutes!,Jeremy Bowers,NPR,M,0,"Washington, DC",0,"Do you want to learn about the intricacies of the internet in a single, five-minute-long, run-on sentence? OF COURSE! Will he finish all 172 slides? WHO KNOWS? Let's do this!",Satire
2014,You Must Learn,Ben Welsh,Los Angeles Times,M,0,"Los Angeles, CA",0,Five lessons from data journalism history. Filled with straight-up facts ‒ no mystery.,History
2014,What we can learn from terrible data viz,Katie Park,Washington Post,F,1,"Washington, DC",0,"Pie charts that add up to 110 percent! Graphs so three-dimensional, they could be drawn by M. C. Escher! Anything from the NSA slides! You may think you'll never commit data viz sins like these, but you might come closer than you think. I'll show some of the silliest, most nonsensical visualizations on the web and talk about how they can teach us to present data accurately.",Charts
2014,Five (more) algorithms in five (more) minutes,Chase Davis,New York Times,M,0,"New York, NY",0,"A sequel to last year's lightning talk about crazy algorithms from math and computer science that can make us better journalists -- this time featuring: metric trees (for cleaning sloppy company names); useful examples of MapReduce; and much more. Once again, code and practical examples will be made available on Github. Special guest star, Dolph Lundgren.",Algorithms
2014,Refactoring; or Why Your Code Sucks and How to Fix It,Christopher Groskopf,NPR,M,0,"Washington, DC",0,"Lost in your own code? Forgot what that variable does? Coworkers throwing books at you? Never fear! In five minutes I'll teach you three principles that will turn your shoddiest hacks into elegant, self-explanatory wonders.",Data Habits
2014,Natural Language Processing in the kitchen,Anthony Pesce,Los Angeles Times,M,0,"Los Angeles, CA",0,"How the LA Times used NLP to extract thousands of recipes out of the archives, and how you can use it creatively clean a data set.","NLP, Proprietary Tools"
2014,Detecting What Isn't There,Sisi Wei,ProPublica,F,1,"New York, NY",0,"How ProPublica reverse engineered one company's API to catch censorship in China. Learn how important it can be to pay attention to error messages, and the challenges we faced when trying to fly under the radar.",API
2014,DataViz = Fact-checking,Sisi Wei,ProPublica,F,1,"New York, NY",0,"DataViz shouldn't be the last thing you do for a project. Learn how designing and building data visualizations early can help you find missing pieces, catch errors in your data, and be your new fact-checking best friend.","Data Viz, Fact-checking"
2014,How to Raise an Army,Tyler Fisher,Knight Lab,M,0,"Evanston, IL",0,"I spent a quarter at Northwestern getting my fellow students interested in the web. I'll talk about what worked and what didn't, and how we can get more people doing journalism better on the web.",Data Habits
2015,"The end of maps, in 7 charts",Darla Cameron,Washington Post,F,1,"Washington, DC",0,Got geographic data? A cartographer shares seven reasons why you should visualize it with something other than a map.,"Geolocation, Data Viz"
2015,"Decision, decisions! Lessons for deeply-interactive storytelling",Nadja Popovich,The Guardian US,F,1,"New York, NY",0,"What if we asked more from our readers, rather than less? In this talk, I’ll present examples of interactive projects that force readers to make meaningful decisions. These interactives demand more time and attention from readers, but reward them with a deeper, more visceral understanding of the topic at hand.",Data Viz
2015,What do blind people see? A thought-talk about our obsession with visuals and how it translates for the blind,Suyeon Son,NPR,F,1,"Washington, DC",0,"They say a picture is worth a thousand words. Tweets do better when there are images attached. Gifs have developed their own culture. In a world where we strive for more visually-compelling stories, how are those elements relayed to the blind? In this talk, I will muse about how we could make visual-centric stories accessible to those that can't directly interpret pixels on a screen.","Social Media, Data Viz"
2015,Beautiful Satellite Images in 5 Minutes,Jeff Larson,ProPublica,M,0,"New York, NY",0,Give me 5 minutes and I'll show you how to make cloudless beautiful satellite images of (almost) anywhere in the world. And I'll open source some code on stage to boot.,OSINT
2015,10 Things I Hate About You,Anthony Pesce,Los Angeles Times,M,0,"Los Angeles, CA",0,"Can coders and designers ever get along? From lazy CSS to last-minute feature requests, Lily Mihalik (designer) and Anthony Pesce (coder) work through their ""issues"" in a live therapy session.",Design Thinking
2015,5 data visualizations - each in 5 lines or less of R code,Sharon Machlis,Computerworld,F,1,"Framingham, MA",0,"Afraid to make the leap from Excel to coding because you think it's ""too hard""? Thanks to some incredibly useful add-on packages, you can generate everything from maps to stats plots to interactive JavaScript graphics in just a few lines of R code. See why you shouldn't fear the command line!",Excel
2015,Seven awesome features you will want in your next charting tool,Gregor Aisch,New York Times,M,0,"New York, NY",0,"In this session we will take a quick look at some features of ""Chartmaker"", the internal charting tool we pretty much build from scratch at the New York Times, and that now is the backbone for our data-driven journalism at TheUpshot.",Proprietary Tools
2015,Wrestling with data (without coding),Maryjo Webster,USA Today,F,1,"McLean, VA",0,"Pretty much every dataset I’ve ever met has had some problem that required me to do a little wrestling with it before I could analyze it. Standardizing names. Splitting addresses. Pulling it out of a PDF. Or simply getting it out of a “report” structure. These days there are lots of tools you can use. I’m a little old-school and find myself working on one-off projects where writing a script seems unnecessary. I’m going to show you 10 of my go-to tools and tricks that I use over and over and over again, ranging from really easy to moderately complicated. If words like SQL, Python and Perl send chills down your spine, then these are definitely must-have’s for your toolbox, whether you’re a data newbie or have 30 years under your belt.",Data Tools
2015,"The Five Stages of Terrible Data: Denial, Anger, Bargaining, Depression, Acceptance",Steven Rich,Washington Post,M,0,"Washington, DC",0,Your data isn't perfect. It never is. I'll tell you how you can (accurately) use data with holes and when to just throw it out and try something new.,Data Habits
2015,Stop trying to multitask. You're terrible at it.,Chris Canipe,Wall Street Journal,M,0,"New York, NY",0,"When we split time, we lose time. We lose it writing and answering emails, dropping in and out of projects and remembering what function does what and which variables are stored where. When our brains are tired, we slip up. We make bad design choices, write sloppy code and forget edits. Science has a name for this mess: decision fatigue. We can only keep track of so many ideas and make so many decisions before we lose our edge. This talk will describe research on our feeble brains and present simple solutions for concentrating when it counts.",Data Habits
2016,Let's Talk About the Future of Interactive News Content,Gregor Aisch,New York Times,M,0,"New York, NY",0,"For more than a decade news apps and graphics developers loved using the word ""interactive"" to describe all kinds of new things they put on the internet. But what does ""interactive"" even mean? Slideshows, tooltips and d3.js? Have we reached the peak of the golden age of ""interactives"", or has it just started? Let's take five minutes to look at where we are and where we're going...",Data Viz
2016,"Let lookup save you from the boring, repetitive work you've forgotten you're even doing",Chris Groskopf,Quartz,M,0,"New York, NY",0,"Admit it: you've copy and pasted a column of state names next to one of USPS codes... hundreds of times. You keep writing identical code to add the same state population numbers to different spreadsheets. Your nightmares echo with FIPS VLOOKUPs and CPI JOIN clauses. In this lightning talk I will introduce a tool and a project. The tool works. The project needs you. Together, we can forever vanquish the drudgery of the lookup table. Fans of csvkit or agate: please allow me to  introduce you to `lookup`.",Proprietary Tools
2016,Regular Regular Expression Exercises for Regular People,Dan Nguyen,Stanford University,M,0,"Stanford, CA",0,"So you're not cut out to be one of those highfalutin programming databasers who can brag about their automated cloud bots bragging about their other automated cloud bots. But even if you're just a regular person with regular data needs, you can still learn and practice regular expressions to find and filter the kinds of things you already know you want to know from a pile of documents -- dates, names, money amounts -- and anything else that's a combination of the regular old alphabet and numbers 1 through 10.",Data Cleaning
2016,"I Improved My Math Fluency, And So Can You",Ryann Grochowski Jones,ProPublica,F,1,"New York, NY",0,"In high school, math felt like a foreign language to me -- difficult to understand, stressful to learn and, above all, something to avoid. Now, not only is math a big part of my job, but it's enjoyable as well. I'll share several easy-to-adopt tips, tricks and habits, all of which increased my math fluency and will improve your understanding of any equations or formulas that you come across while you're reporting.",Storytime
2016,Map tiles are dead; Long live (vector) tiles!,Ken Schwencke,Independent,M,0,"New York, NY",0,"How can you map every census tract in the US -- thousands of shapes -- easily, without rendering map tiles or melting a computer? How can you style it dynamically? Find out how vector tiles can change your life. Or at least your maps.",Mapping
2016,How to read 52 books in 52 weeks,Nicole Zhu,Knight Lab,F,1,"Evanston, IL",0,"With so much content to consume - Twitter conversations, listserv kerfuffles, the latest longform, Snapchat stories, hot takes and think pieces, the entire season of TV that just dropped on Netflix  - where do BOOKS fit in? I'll talk about (1) why you should set the daunting goal of reading 52 books in 52 weeks rather than just resolving to ""read more,"" (2) how you can achieve it, and (3) what things you'll learn (about the world and yourself).",Storytime
2016,Cats and Stats,Jennifer LaFleur,Reveal,F,1,"San Francisco, CA",0,"Fresh off the European tour, it's cats AND stats. Stanley will demonstrate dichotomous variables. You'll learn about sampling from Gordon. Harley will give you tips for examining your data. It's not just cats. It's cats AND stats. Learn through the hilarious antics of the cats of NICARians.","Satire, Storytime"
2016,Automation in the newsroom,Ariana Giorgi,Chronicle of Higher Education,F,1,"Washington, DC",0,"When it is worth it to use scripting and automation to produce our news stories? Should your newsroom bother with writing these scripts? I’ll talk about what kind of automation has worked for stories in the past, where we can move in the future, and the kind of stories that will never be worth it to automate.",Automation
2016,What I learned working on Failure Factories,Adam Playford,Tampa Bay Times,M,0,"St. Petersburg, FL",0,Building a case with analysis and visualization.,Data Viz
2016,Solve Every Statistics Problem with One Weird Trick,Jonathan Stray,Columbia University Journalism School,M,0,"New York, NY",0,"DON'T OPEN THAT TEXTBOOK. Statistics is a cycle of abuse and I'm here to make it stop. In five minutes I'll show you the refreshing new approach that everyone's talking about: randomization and visualization. Learn what types of problems statistics really solves and how to solve them with just a few lines of common sensel code. Get the right answer faster than you can say ""Monte Carlo"" and never memorize a formula again!",Statistics
2017,"What I learned by submitting the same FOIA more than 1,000 times",Steven Rich,Washington Post,M,0,"Washington, DC",0,"For The Washington Post's Fatal Force project in 2016, I wanted to know who the officers were who fired shots and killed civilians. So I filed requests with every department that had a fatal shooting on a rolling basis last year. I'll talk about the logistics, what I came across and the best strategies to get your requests filled in a timely manner.",FOIA
2017,Literally Everything The New York Times Knows About Elections,Jeremy Bowers,New York Times,M,0,"New York, NY",0,"At roughly 400 words per minute, I will tell you everything The New York Times has learned about elections, including why you can't use ""democrat"" to look up the democratic party in Minnesota to why you shouldn't store delegates as an integer. BONUS: Did you know the US got a new county in 2015? It probably broke your map!",Elections
2017,"Stuff I've said to FOIA officers to get them to give me ... well, stuff",Cezary Podkul,ProPublica,M,0,"New York, NY",0,"It's ok to get angry, get sassy or creative in the pursuit of lowering FOI fees or getting documents or data that you're told you can't have. In this lightning talk, I'll share some of my more creative exchanges with FOIA officers that have gotten results.",FOIA
2017,Self-care for Nerds,Aditi Bhandari,Texas Tribune,F,1,"Austin, TX",0,"Most of us spend 8-12 hours on our computers every day. Here's what my parents (an eye doctor and a bone doctor) recommend when it comes to preventing tired eyes and carpal tunnel. I’ll also talk about other tools, tips and exercises I’ve picked up along the way!",Data Habits
2017,Subverting the story model in the age of Trump,Tyler Fisher,NPR,M,0,"Washington, DC",0,"As the Trump administration continues to make news at a blistering pace, newsrooms are searching for new ways of covering the administration. Our skills as data journalists make us particularly well-suited to find those new models. Given the urgency within newsrooms today, we have an opportunity to change newsroom thinking in how we inform our audiences. This talk will show some examples of alternative coverage models as implemented at NPR and suggest directions for the future.",Politics
2017,Everything I Wasted Time Worrying About as A Newbie Coder,Kate Rabinowitz,Independent,F,1,"Washington, DC",0,"Looking back on my early days of coding, there was a lot of time wasted worrying about how to be a ""good"" coder. We're going to talk about what being a ""good"" coder from the start actually means and common worries of beginner coders that are just a waste of your time.",Data Habits
2017,How to collaborate when no one understands what you do,Caelainn Barr,The Guardian,F,1,"London, UK",1,"Calling all weirdos! Are you the strange numbers reporter, the pretty chart-maker, or the person in the corner who gets excited when your code runs? One of the challenges of working with data and code in the newsroom is getting across what it is you actually do. I'll show you how aggressive collaboration has helped us work better with other editors, reporters and designers in our newsroom.",Data Habits
2017,CAR through the ages -- what I learned from collecting every single NICAR program since 1990,Christine Zhang,Independent,F,1,"Los Angeles, CA",0,"I used to think that ""data journalism"" started in the 2000's. Then I dug further into the history of computer assisted reporting (CAR). News nerds have been congregating at this conference since the early 90's. Let me take you on a tour of the recent history of CAR, as seen through NICAR conference programs. Like"" CAR Rock 1994"" in Cleveland, where Jennifer LaFleur showed off her maps of San Francisco's single men -- overlaid with income data and complete with interviews of some wealthy bachelors themselves. From ""Internet 101"" to ""FoxPro versus Paradox"" to ""Regress for Success"" -- I'll show you what's changed and what hasn't over the years, with fun/embarrassing pictures of some NICAR veterans to boot (like this one from 1994 http://www.drewsullivan.com/staff.html, when the NICAR staff dressed up like the cast of ""Happy Days"").",History
2017,"58 stupid things we learned from mapping all 25,000 of California's election precincts",Joe Fox,Los Angeles Times,M,0,"Los Angeles, CA",0,"We made the most detailed map of California election results ever, which meant harassing all 58 counties and dealing with 58 different ways of reporting election results. We'll condense two months of tears, gin and PDFs into 5 minutes.","Satire, Storytime"
2017,Using Uber's open data to understand cities,Cory Kendrick,Uber,F,1,"San Francisco, CA",0,What is this new open dataset Uber has released? And why should I care? Turns out you can use traffic travel times to understand cities better. Such as: what happens to travel times when there's a metro shutdown? Or when you add bike lanes? Or when it rains? I'll walk you through what exactly Uber Movement data is – and isn't – and how to dive in and start using it.,Data collection
2018,Immigrants working in the news industry,Kai Teoh,Spokesman-Review,M,0,"Spokane, WA",0,"I want to talk about immigrants working in the industry, what the visa challenges they might face (that I've learned or experienced or am experiencing), and maybe focus a little on how others can be better supporters or allies to them.How ""just get married"" is really not a good suggestion, and can be really hurtful.How job departments and titles and classifications can matter a great deal more.How having a support network not just amongst peers, but also amongst supervisors/managers can mean the difference between being in the country or, well, not.",Industry practices
2018,"Real Talk: Alcohol, Journalism and What I Did About It",Rachel Alexander,Spokesman-Review,F,1,"Spokane, WA",0,"Journalism isn’t the healthiest industry for someone with eight alcoholics in her family. Using my experience as an addiction reporter and beer enthusiast, I'll talk about how I realized I was using alcohol in unhealthy ways, how I cut back and what you can do if you'd like to drink less while doing a stressful job.",Industry practices
2018,The news nerd guide to forming a union,Jon Schleuss,Los Angeles Times,M,0,"Los Angeles, CA",0,"Data nerds Jon Schleuss and Anthony Pesce started the union at the L.A. Times. Learn how they relied on good data, used the company’s technology against it and organized the newsroom at a historically anti-union paper.","Satire, Industry practices"
2018,We Need Multiple Career Paths for News Nerds,Matt,Houston Chronicle,M,0,"Houston, TX",0,"Data journalists provide an essential role in modern newsrooms. We request, clean up and crunch data for stories big and small. We build interactive experiences and data visualizations for important projects. We're the hotness. But what does advancing in journalism look like if you have data skills? Few of us get to become editors. Why? Why does our news judgement mean less than those who come up as writers first? Why is the only career path for most over on the digital or tech side of things?  I'll make an argument that just like with bylines, data journalists deserve a seat at the management table too.",Industry practices
2018,"I can’t believe it’s not georeferenced! How we made a scrolly eclipse map with rubber bands, screenshots and math. (to be presented with Armand Emamdjomeh)",Denise Lu,Washington Post,F,1,"Washington, DC",0,"No georeference? No problem. We had a what-if idea and put it together with nontraditional methods. What if you could scroll through the path of the Great American eclipse and look at it from a birds-eye view? ...What if it was one seamless image, from West Coast to East? ...What if you superimpose the umbra of the eclipse as you scrolled? ...What if the page could follow the eclipse in real time? The 30,000-pixel journey involves screenshots, rubber bands, some Photoshop and D3 magic and a lot of hacks, and was literally held together with Scotch tape at points.",Storytime
2018,"Hope for the best, prepare for the worst",Alexandra Kanik,Kentucky Center for Investigative Reporting,F,1,"Louisville, KY",0,"Part of publishing an investigation is anticipating how your audience will react, and being ready for it. But what about when the unexpected happens? In December 2017, we published a 5-part series about a state representative. In the middle of the roll out, he killed himself. We share what we learned about being prepared technologically, editorially, and emotionally for the unexpected.","Storytime, Investigations"
2018,I designed and built a dining room table; here's what it taught me about data.,Steven Rich,Washington Post,M,0,"Washington, DC",0,Working with wood is more like working with data than anything else I've ever done. It also taught me a lot I never would have considered otherwise. Allow me to be the Nick Offerman of data and impart my experience to you and I'll give you both a new perspective on data and a design for a functional extendable dining room table.,"Data Habits, Satire"
2018,HELLO WORLD: How the English langauge failed international data journalism,Jonathan Soma,Columbia University Journalism School,M,0,"New York, NY",0,"Why do non-US and accented data sources tend to look like ⍰⍰⍰⍰? Let's take a trip into the magical land of çharacter encodìng! Learn why Excel can't cope with the Champs-Élysées, how emoji saved the planet, and how to say adiós/さようなら/до свидания to these kinds of problems forever. 👋",Language
2018,Good Copy Editors Make Good Data Journalists,Justin Myers,Associated Press,M,0,"Chicago, IL",0,"Data journalists love to talk about precision. So do copy editors! I'll show you how thinking like a copy editor can help you find bugs, lock down your methodology and ensure your stories say exactly what you mean.",Industry practices
2018,Sensor Journalism in the Age of Trump’s EPA,Kelly Calagna,Knight Lab,F,1,"Evanston, IL",0,"With significant EPA budget cuts and program rollbacks set in place by the Trump administration, the role of environmental journalists has become vital in watching over the health of the public and the planet. In this talk, I will share the concept of a sensor project being developed by Northwestern University’s Knight Lab that will enable journalists and citizen scientists to collect high-definition air quality data that can be used to uncover at-risk populations.",Climate
2019,How to write a data story in five minutes,Youyou Zhou,NA,F,1,"Newport Beach, CA",0,"What does it mean to be a data analyst, a coder, a designer, or all of the above -and- a journalist? The chart maker at the graphic desk writes story. The computer’s guy leads investigations. How’s our work fit into the traditional way of talking about journalism? There are ambiguity, confusion and reluctancy. But there is a framework. I’m going to talk you through the framework, something you can use to inform your reporting process, as well as answer the question “What do you do as a data journalist?",Storytime
2019,5 ways to write racist code (with examples),Alex Garcia,"University of California, San Diego",M,0,"Newport Beach, CA",0,"Rep. Alexandria Ocasio-Cortez, New York “stop-and-frisk”, Twitter sentiment analysis — The programs we write, the data we analyze, and the assumptions we make have the potential for unintended consequences to creep into our work. These consequences have the ability to hurt people of color and other marginalized groups. In this lightning talk, learn how these problems begin, see working examples of these, and learn how to recognize and correct it in your next project!",Racism
2019,How to build a massive database that no one wants you to build,Disha Raychaudhuri,The Star-Ledger,F,1,"Newport Beach, CA",1,"A condensed primer on how we built The Force Report, the most comprehensive statewide database of police use of force, from 506 FOI requests",FOIA
2019,FOIA is my API,Matt Kiefer,Stanford University,M,0,"Newport Beach, CA",0,"Sometimes FOIA is your only option to get the records you need. But writing emails doesn’t scale well when you’re submitting and tracking requests to hundreds or thousands of agencies. In these situations, you can write computer programs to write emails for you, relying on the Freedom of Information Act to do the heavy lifting. I’ll talk about some tools I’ve built to send requests, track responses and even read the attachments that come back.",FOIA
2019,"911, What’s Your Emergency: How insider knowledge of law enforcement has been an asset",Stacy Montemayor,,F,1,"Newport Beach, CA",0,"I used to be a 911 dispatcher where I learned a lot about the language, processes and attitudes of law enforcement in the United States. That knowledge recently became an asset as I explored and cleaned 9 years of a police department’s calls for service. I’ll share some of these insights and how to decode certain types of police data.",911
2019,How To Use Your Data Skills To Gain Financial Independence,Sean McMinn,NPR,M,0,"Newport Beach, CA",0,"What would be different if you didn’t *need* your paycheck? Would you take three day weekends and coach your daughter’s softball team? Would you turn down stories you didn’t want to do? Or would you just quit your job altogether? Data journalism isn’t just on the higher paying end of reporting jobs, it gives you the mindset to think about how you could become financially independent of your job entirely — and the skills to pull it off.",Industry practices
2019,My own worst enemy: Overcoming impostor syndrome*,Kate Martin,Carolina Public Press,F,1,"Newport Beach, CA",1,Ever feel like you’re a fraud and it’s only a matter of time before someone finds out? Congratulations! You have impostor syndrome! Learn strategies to silence your inner contrarian. *Note: speaker may not be qualified to give this talk.,Imposter Syndrome
2019,How to beat a serious case of the post-project blues,Christopher Baxter,Spotlight PA,M,0,"Newport Beach, CA",0,"The glory of your grand investigation has faded, readers have moved on and editors are asking what you’ve got next. But all you want to do is hide under your desk with a weighted blanket. The post-project blues are legit and need to be recognized. I’ll call them out and share ways reporters can cope and editors can help.",Industry practices
2019,Blindspotting: Covering communities you’re not a part of,Emmanuel Martinez,The Markup,M,0,"Newport Beach, CA",NA,Stories about marginalized communities need to be told in a manner that does them justice and doesn’t further perpetuate harm. But it’s hard to tell these stories in an effective manner when you’re not a part of those communities.I will talk about how we can use fault lines and intersectionality to combat our own blind spots and biases to produce better journalism.,Industry practices
2019,Save Student Newsrooms. How you can help the next generation of journalists,Caitlin Ostroff,Miami Herald,F,1,"Newport Beach, CA",1,"Last year, more than 100 student newspapers banded together to advocate for themselves and the issues they face, including loss of independent funding and censorship by their institutions. Advocacy by students is a start, but professional journalists must play a role in safeguarding independent student journalism as mentors and advocates for the future generation of reporters.",Student journalism
2020,The Three Kinds of Code You'll Write in the Newsroom,Chris Amico,USA Today,M,0,"New Orleans, LA",0,,Data Habits
2020,Fade In: What Data Journalism Can Learn from Screenwriting,Phi Do,LA Times,F,1,"New Orleans, LA",0,,Data Habits
2020,"Life Lessons from Filing 75,000 FOIA Requests",Michael Morisy,MuchRock Foundation,M,0,"New Orleans, LA",0,,FOIA
2020,Easy Ways to Become More Secure Online in Under an Hour,K Sophie Will,USA Today,F,1,"New Orleans, LA",0,,Storytime
2020,Covering Immigration as an Immigrant,Sinduja Rangarajan,Independent,F,1,"New Orleans, LA",1,,Storytime
2020,The Secret History of Pokémon as Told Through Metadata,Elliot Bentley,Wall Street Journal,M,0,"New Orleans, LA",0,,Satire
2020,5 Things You Can Learn From Court Records,Jenn Topper,Committee for the Freedom of the Press,F,1,"New Orleans, LA",0,,Courts
2020,Investigating Our Own Institutions,Steven Rich,The Washignton Post,M,0,"New Orleans, LA",0,,Industry practice
2020,"25 Newsrooms, 1 Baby Data Journalist",Julie Christie,Resolve Philly,F,1,"New Orleans, LA",0,,Storytime
2020,What Rocket Science Can Teach Us About Designing for Humans,Justin Myers,Associated Press,M,0,"New Orleans, LA",0,,Storytime
2021,Crowdsourcing for climate,Kathryn Garcia,Environmental Investigation Agency,F,1,VIRTUAL,0,,Climate
2021,Save your work: How to archive online journalism,Nick Hagar,Northwestern University,M,0,VIRTUAL,0,,Archiving
2021,Small-town data blues,Lisa Waananen Jones,Washing State University,F,1,VIRTUAL,0,,Storytime
2021,"51 agencies, 26 reporters, two news organizations and thousands of emails: How we built a massive system to track COVID in prisons",Katie Park,The Marshall Project,F,1,VIRTUAL,0,,Storytime
2021,Using open source investigation to track police brutality and alt-right activity,Jordan Gass Poore,Independent Journalist,F,1,VIRTUAL,0,,OSINT
2021,Causal inference for dummies,Kathy Qian,Code for Democracy,F,1,VIRTUAL,0,,Statistics
2021,Circumventing secrecy,Emilia Ruzicka,Brown Universtiy,F,1,VIRTUAL,0,,OSINT
2021,7 tips to pushback against the denial of your public records request,Gunita Singh,Reporters Committee for Freedom of the Press,F,1,VIRTUAL,0,,FOIA
2021,The art of negotiation: How to get what you want,Todd Wallack,Boston Globe,M,0,VIRTUAL,0,,Records
2021,Git scraping,Simon Willison,Datasette,M,0,VIRTUAL,1,,Scraping
2021,Body commodification: What diversity stats get wrong and how we can do better,Ting Zhang,Brown Institute,F,1,VIRTUAL,1,,Storytime
2022,Teach better: Here's how,Jessica Huseman,American University,F,1,"Atlanta, GA",0,"In 5 minutes, I’ll teach you to teach better. Craft an objective, align your lessons to that objective, and measure the objective to ensure your students have attained the skill you want to teach.",
2022,Beyond fact-checking Whack-a-Mole: Using narrative and contextual analysis to decode mis/disinformation,Giovana Fleck,Global Voices,F,1,"Atlanta, GA",1,"Identifying misinformation and disinformation online can feel like a hopeless game of Whack-a-Mole: false and harmful information is proliferating online at a rate that makes it impossible for even the most efficient fact-checking system to keep up. While fact-checking and other quantitative approaches to stopping the spread of mis- and disinformation are important, they often fail to identify broader narratives and local context and subtext that permit a fuller understanding of the broader dynamics at work in media ecosystems.",Fact-checking 
2022,How do different newsrooms’ style-guides compare: A data dive,Areena Arora,Columbia University,F,1,"Atlanta, GA",1,"I created a searchable database of different newsrooms’ (BBC, BuzzFeed, Reuters, The Guardian and NPR) styleguides to see how they compare. Some words, such as, ‘Black’ aren’t capitalized by some newsrooms, while others do — giving a peek into their editorial leanings.",Industry practices
2022,How many mosquitoes does it take to kill you?,Dexter McMillan,CBC,M,0,"Atlanta, GA",1,"Since hiking in Ontario two years ago, getting absolutely swarmed by mosquitoes, I’ve been obsessed with a question: how many mosquitoes would it take to gang up and threaten your life? Using Python Pandas and Datawrapper to visualize, I will create a dataset that attempts to answer this question. The audience, many of whom will known how to use Pandas to analyze already-built datasets, will learn how to use these tools to tell a story by building a dataset themselves.",Satire
2022,You’ll Never Guess How These Platform Algorithms Work,Jonathan Stray,Center for Human-Compatible AI,M,0,"Atlanta, GA",1,Recommender systems are the algorithms that power social media and news aggregators. I’ve spent the last two years studying them and helping others build them in the public interest. Here’s what I’ve learned about what’s inside the black boxes.,Algorithms
2022,How to end tabmageddon,Cezary Podkul,Hong Kong University,M,0,"Atlanta, GA",1,Face it: You have waaay too many web browser tabs open and it’s driving you crazy. It’s also not good for you. Here’s a few good strategies for how to regain control over your online research and end tabmageddon once and for all.,Data Habits
2022,When An Internet Source Won’t Tell You Who They Are,Ari Schneider,Mountain Gazette,M,0,"Atlanta, GA",0,"Too often do journalists quote anonymous internet users without knowing who they are, but that falls short of rigorous journalism ethics. How do you know what their motives are, or if they’re not the same person operating under multiple accounts? My presentation will help investigative reporters build the trust of potential sources from the dark web, Reddit, Discord, etc, to get information on the record and on background from individuals who are accustomed to being cloaked by message board anonymity.",Invesitgations
2022,Wayback Machine – Tips and Techniques,Mark Graham,Wayback Machine,M,0,"Atlanta, GA",0,10 Tips and Techniques about how to use the Wayback Machine in your next investigation. Will review some new and lesser known features and capabilities. News you can use!,Archiving
2022,"File management, organization and documentation for dummies (And why doing it badly can be disastrous)",Yoohyun Jung,San Fransisco Chronicle,F,1,"Atlanta, GA",0,"How many times have you saved files in random directories and you cannot remember the file path to save your life? Bad management and organization of files can prove disastrous, especially when you’re working on big projects. Helpful tips I gained from my own disasters.",Data Habits
2022,An awesome tool for finding source,Brad Hamilton,The Hatch Institute,M,0,"Atlanta, GA",0,"The best option out there for identifying and making contact with potential sources — whether you’re looking for someone specific or trying to cultivate an FBI agent, for example, or an employee of the Trump Organization — is the Contacts Reference database in LexisNexis. This amazing tool, compiled by web scrapers that troll for professional profiles among company and government agency websites, as well as job-search outfits like LinkedIn, unearths sources from among hundreds of millions of profiles, showing you names, titles, employers, areas of expertise and how to reach them by work email and office phone numbers. An astonishingly small number of journalists have heard of this tool, let alone know how to use it properly. This session will show you how.",Invesitgations
2023,Think like an accessibility engineer: Make real improvements to your content in minutes,Holden Foreman,The Washington Post,M,0,"Nashville, TN",0,"There are so many accessibility checklists and supposed “shortcuts” floating around. We know accessibility is important, but it can be hard to know where to start without an engineering background. The good news is that there are easy ways for journalists to identify real issues (not just alt text!) AND fixes for your articles in minutes; I’ll demonstrate.",Data Habits
2023,Bad Bunny and passion data side projects,Lucio Villa,The Washington Post,M,0,"Nashville, TN",0,"I’ll talk about how I find inspiration outside of work and use my data skills to build fun side projects. Specifically, I’ll share how my idea to build a Bad Bunny themed Wordle resulted in an opportunity to practice my Python skills and a game that was enjoyed by thousands.","Satire, Storytime"
2023,Three new file formats for your toolbox,Alex Garcia,Freelance software engineer,M,0,"Nashville, TN",0,"CSVs, JSON, and GeoJSONs are so last decade! Many new file formats like Parquet, SQLite, DuckDB, and FlatGeobufs have the potential to simplify your work, cut down your compute and storage costs, and make your life easier! This talk will be a brief overview of these file formats, how they can help in your data analysis work or in your newsroom, and provide recommendations of helpful tools and tutorials for Python, R, and JavaScript users!",Data Habits
2023,Take this job and shove it? Maybe not.,Laura Evans,WHIO-TV,F,1,"Nashville, TN",0,Five tips for staying in… or leaving a journalism job – so either way you don’t ruin your career.,Industry practices
2023,Ergonomics for data journalists,Stephanie Lamm,The Atlanta Journal-Constitution,F,1,"Nashville, TN",0,"After hand-entering more than 1,000 rows of data, I developed tendonitis that required three weeks of physical therapy. I’m going to share what I learned about creating an ergonomic workspace and stretching routine so that this doesn’t happen to you.",Data Habits
2023,How to battle a webmaster and win,Ryan Little,The Baltimore Banner,M,0,"Nashville, TN",0,"This is a hopefully funny tale of battling webmasters and winning, featuring anecdotes from my time writing and running web scrapers for ProPublica, Mother Jones and The Baltimore Banner. This will be informative about the many tools you can use to keep scraping a website when a webmaster doesn’t want you to, like using useragents, proxies and CAPTCHA solving services. It will also highlight the value of persistence, ingenuity and Googling really, really, really well in the face of coding adversity.",Satire
2023,Data journalism nightmares and tips: A meme story,Juan Pablo Marín Díaz,Datasketch,M,0,"Nashville, TN",1,Recurring pains in data journalism shown with GIFs/memes and how to over come them with copy-paste data-science browser-based tools.,Satire
2023,"GitHub, the ultimate anti-censorship tool",Léopold Mebazaa,Artefact,M,0,"Nashville, TN",1,"Newsrooms are familiar with GitHub as a convenient way to store and modify source code. What is less known is that GitHub is hard to fully censor, even in China or Iran, because of its strategic position in the modern software ecosystem. This, in turn, means that GitHub can be leveraged to disseminate journalism in authoritarian countries.",Tools
2023,"A data-driven investigation: Is Nashville country music all trucks, beer and boots?",Sean McMinn,POLITICO,M,0,"Nashville, TN",0,"In five minutes, let’s go through (at least) five years of country hits to analyze the lyrical themes, diversity of the genre and most commonly used phrases. Welcome to Nashville!",Storytime
2023,How ChatGPT makes my job easier (but won’t replace me anytime soon),Arijit Sen,Dallas Morning News,M,0,"Nashville, TN",0,"Since the introduction of OpenAI’s ChatGPT a few months ago, I have been using the tool incessantly. In this presentation, I will outline how I use the tool to write faster code, translate code from different languages, explain difficult concepts and brainstorm stories and pitches. I’ll also discuss the tool’s limitations and why it wont replace data journalists anytime soon.",AI
2024,Your own worst enemy: How to organize your work so your future self won’t hate you,Justin Myers,Chicago Sun-Times,M,0,"Baltimore, MD",0,"You might have been here before: trying to pick apart some old analysis or script, wondering in anger what kind of jerk designed it this way — only to realize that jerk was you. I’ve been in that situation, too, and over the years I’ve found some ways to be kinder to the ever-present coworker known as My Future Self. I’d like to share some of them","Data Habits, Data Cleaning"
2024,"Visuals are data, too!",Brenna Smith,The Baltimore Banner,F,1,"Baltimore, MD",0,"Too often, visuals are afterthoughts in stories. However, the emergence of visual forensics as a storytelling technique has changed that narrative, putting visuals front and center as key investigative findings. In this Lighting Talks session, Baltimore Banner reporter and former New York Times Visual Investigations fellow Brenna Smith will walk you through how to take an analytical approach to visuals, proving that newsrooms across the country can produce “visual investigations” without a New York Times budget.",Data Viz
2024,Datasette Enrichments: Run bulk operations to enrich your data,Simon Willison,Datasette,M,0,"Baltimore, MD",1,"Datasette Enrichments is a new tool that lets you take a table full of data and “enrich” it in various ways — run geocoders to populate latitudes and longitudes, clean up data with regular expressions and, most excitingly, pipe that data through GPT-4 (or GPT-4 Vision) with a prompt to extract or transform data. I’ll demonstrate the feature in action and show how you can use it to process thousands of rows of data in all sorts of interesting ways.","Data Cleaning, AI"
2024,Wait…who funds you? Finding out (on deadline),Kyle Spender,Reporting Right,F,1,"Baltimore, MD",0,"Bad faith organizations with anti-democratic aims abound. But sometimes — and that’s by design —they can be hard to identify, which means you may be validating and/or legitimizing a group with radical goals (accidentally). How do you tell your readers who is behind the groups you quote, mention or allude to? This Lightning Talks session will give reporters and editors an easy 5-step process for figuring out what a group/nonprofit/think tank etc. really stands for — and who funds it. On deadline!",Investigations
2024,When charts lie,Todd Wallack,WBUR Boston,M,0,"Baltimore, MD",0,Graphics are an essential tool for data journalists. But it’s also easy to mislead readers — either by mistake or on purpose. I’ll highlight some common ways charts can trick the eye.,Design Thinking
2024,Expand your sourcing horizon,Jui Sarwate,CBS,F,1,"Baltimore, MD",1,"Learn about the different ways you can reach a variety of sources using X (Twitter) lists, connecting to sources through non-profits and by just cold emailing/calling by the bucket-loads.",Investigations
2024,How to take PDFs from strangers,David Huerta,Freedom of the Press,M,0,"Baltimore, MD",,"I’ll be demonstrating the use of Dangerzone, a new tool actively developed by Freedom of the Press Foundation. Dangerzone allows journalists to create a malware-free copy of PDFs that may otherwise contain malicious code.",Tools
2024,Follow the commodity then follow money: uncovering stories through commodity and supply chain data,Christopher Lambin,Global Witness,M,0,"Baltimore, MD",1,"There is an array of data that can help investigators map the flow of physical commodities around the globe, including freight tracking, customs records, and satellite imagery. This presentation will explore how we can combine these sources to examine supply chains while investigating environmental harms, human rights abuses and sanctions evasion.",Investigations
2024,How to solve a murder while watching the World Cup,Catherine Rents,independent,F,1,"Baltimore, MD",0,"I started building this database during the Women’s World Cup (soccer!). It looked at what bad guys did as the evidence implicating them in violent crimes lay untested for decades. The results were frustrating: wrongful incarcerations and preventable violent crimes. Many jurisdictions have collections of cold case evidence like this that have remained “off the books” and untested for decades. Before long, I came across something shocking that led to a break in a 1983 unsolved murder of a college student in Baltimore County.",Sports
2024,Do you know who runs your elections?,Michael Beckel,Issue One,M,0,"Baltimore, MD",0,"There are more than 10,000 chief local election officials across the country. Monitoring them all would be a Herculean effort. Monitoring those is a key state or region is feasible — and necessary in understanding election administration challenges in 2024. Issue One’s blockbuster analysis of Western states found that 40% of counties in the West have new chief local election officials since 2020 — and that the officials who left these positions took with them more than 1,800 years of combined experience. There is no better time than now to start getting to know your local election officials in your area!",Elections
2025,Lessons from heraldry: What one of oldest forms of data storytelling can teach us,Emilia Ruzicka,University of Virginia,F,1,"Minneapolis, MN",0,"This quick talk will use the ancient art of making coats of arms as a model for some data visualization and data storytelling best practices. Not only will you learn some tips and tricks for your reporting, but you’ll also design your very own coat of arms — in just five minutes!",History
2025,How to truly diversify your sources,Karen K. Ho,ARTnews,F,1,"Minneapolis, MN",1,"Studies of news coverage from around the world have consistently found more than 70% of people seen, quoted and heard in the news are men, while women make up less than 30%. This talk will provide clear, practical and proven tips on how to find, interview and retain many more women, visible minorities, members of the LGBTQ+ community, people with disabilities, and/or non-Americans as sources in any beat. (Tipsheet)",LGBTQ
2025,Hot dish versus casserole: An evidence-based approach,Taylor Thomas,POLITICO,F,1,"Minneapolis, MN",0,"Growing up in the North Star State as the daughter of non-Minnesotans (still Midwesterners who think pepper is spicy), hot dish was an entirely new concept to me, as was the joke that you're not a Minnesotan til you can tell the difference between hot dish and casserole. I have scanned Minnesota-compiled church and community cookbooks from 1940-80 for relevant recipes, and I'll run an analysis to determine whether there's actually a difference between the two types of recipe. I'll also reach out to Gov. Walz and other notable Minnesotans to ask for their take.",Storytime
2025,Beyond Punxsutawney: Exploring and using NOAA weather data in your backyard,Emily Featherston,InvestigativeTV,F,1,"Minneapolis, MN",0,"From determining the prognostication proficiency of a particularly-famous groundhog to looking at how climate change has affected weather patterns in specific communities, NOAA's National Centers for Environmental Information provides a hyper-local history of observed weather data. Hear tips on searching for useful (and complete) data, and see how our team used it to calculate the accuracy of different animals' predictions of an early spring or long winter.","Climate, Records"
2025,"A Song of Ice and FOIA: How to fight records denials, as explained by Game of Thrones memes",Lucia Walinchus,NBC Universal,F,1,"Minneapolis, MN",0,"Using examples from real-life cases, tips and tricks to get around lackluster records responses. Illustrated with memes from the hit series.","FOIA, Records"
2025,Uncovering the Past: Lessons learned when investigating files about Brazil’s elite and historical slavery,Bianca Muniz,Agência Pública de Jornalismo Investigativo,F,1,"Minneapolis, MN",1,"How do you investigate a fact when the evidence is centuries old—or hidden behind bureaucracy, private contracts, and barely legible manuscripts? Projeto Escravizadores is an investigation into how Brazil’s elite is linked to historical slavery, using fragmented census rolls, probate inventories, and 19th-century slave registries. In five minutes, I’ll share strategies for structuring messy historical and genealogical datasets, navigating archival barriers, and making sense of old records.","History, Investigations"
2025,"How to save $3,000 in public record fees ",Sharon Lurye,Associated Press,F,1,"Minneapolis, MN",0,"In this lightning talk, I'll discuss tips and tricks for negotiating lower fees for public records requests. I'll describe times when I've successfully negotiated fees down from as much as $3,000 to only $30 -- and even zero.",Records
2025,The geographies you hate to have to know,Mike Stucka,independent,M,0,"Minneapolis, MN",0,"Inside Virginia's Fairfax County is a county-like place called Fairfax that's not part of Fairfax the county, while an island of Fairfax County survives inside Fairfax the county-like place. What stupid geographies do you need to know to have a working knowledge as a journalist, all while furthering your loathing of Virginia.",Records
2025,Second child syndrome: A meta analysis,Daniel Wolfe,The Washington Post,M,0,"Minneapolis, MN",0,"I can tell you when my firstborn daughter was fed milk or formula down to the hour, minute, second and that's because I built a tracker and custom display to tell us when to feed her next. Our second kid? We're shooting off text messages to each other to remember the faintest of details. This is a look at the data we collected on our first kid and what it says about how our parenting's changed now that we have two",Storytime
2025,Here are five things that playing basketball taught me about working on data projects,Chris Keller,Associated Press,M,0,"Minneapolis, MN",0,Think knocking down jumpers and analyzing data in a spreadsheet aren't similar? Think again. I'll share five things that I learned from playing basketball that have become indispensable to my work as a data reporter.,Storytime